{"cameraMode":{"drawMode":0,"name":"Shaded","section":"Shading Mode"},"sceneLighting":true,"audioPlay":false,"sceneViewState":{"showFog":true,"showMaterialUpdate":false,"showSkybox":true,"showFlares":true,"showImageEffects":true,"showParticleSystems":true},"in2DMode":false,"pivot":{"x":19.411739349365236,"y":1.5033416748046876,"z":13.170286178588868},"rotation":{"x":-0.18202632665634156,"y":-0.21861135959625245,"z":0.04154699668288231,"w":-0.9577839374542236},"size":47.517269134521487,"orthographic":false}